{
  "bucket": "0.2-0.3",
  "max": 0.22000000000000003,
  "mean": 0.22000000000000003,
  "min": 0.22000000000000003,
  "scores": [
    0.22000000000000003
  ],
  "threshold": 0.6
}
